store,categories,url key,nav menu,Short Description,Description,Page Meta Title,Meta Description,Meta Keywords
default,HP,HP-Compatible-Toner-Cartridge,1,,,HP Ink | HP Toner Cartridge | HP Deskjet Cartridges & HP Refill Cartridges | HP Printer Toner Cartridge,Quality HP Toner Cartridges at amazing prices.  Wide selection.  1-year money-back guarantee.  Ships in 24 hours or less.  Best value around!,"hp compatible toner cartridge,hp deskjet cartridges,hp printer toner cartridge,hp refill cartridges,hp compatible toner cartridges,hp deskjet cartridge,hp printer toner cartridges,hp refill cartridge"
default,Epson,epson-cartridges,1,,,Epson ink cartridges | Stylus cartridge | Epson printer cartridge | Picturemate cartridge,"Quality Epson printer compatible cartridges at amazing prices.  Stylus, Picturemate, and more!  1-year money-back guarantee.  Ships in 24 hours or less.","Epson cartridges,Stylus cartridge,Epson printer cartridge,Picturemate cartridge,Epson cartridge,Stylus cartridges,Epson printer cartridges,Picturemate cartridges"
default,Brother,Brother-Printer-Ink-Toner,1,,,Brother Ink | Brother MFC Ink Cartridge | Brother Toner Intellifax | Brother Laser Printer Cartridge,"Super low prices on Brother printer ink and Intellifax Toner. All brother models, wholesale pricing, same-day shipping & one-yr satisfaction guarantee!","brother printers ink,brother mfc ink cartridge,brother printers ink cartridges,brother mfc ink cartridges,brother intellifax toner,brother laser printer cartridge,brother intellifax ink,brother laser printer cartridges"
default,Canon,Canon-printer-ink-cartridges,1,,,Canon Toner Cartridges | Canon Printer Ink Cartridges | Canon compatible ink | Cheap Canon Ink,Great deals on Canon compatible ink cartridges. 1-yr money-back guarantee on quality! Next day shipping! All your Canon ink needs for less at TomatoInk!,Great deals on Canon compatible ink cartridges. 1-yr money-back guarantee on quality! Next day shipping! All your Canon ink needs for less at TomatoInk!
default,Lexmark,Lexmark-Printer-Cartridges,1,,,Lexmark Ink Cartridges | Lexmark Cartridges Cheap| Lexmark Print Cartridges,Best prices on wide selection of Lexmark printer cartridges.  1-year satisfaction guarantee and same-day shipping on all cartridges!,"lexmark printer cartridges,lexmark cartridges cheap,lexmark print cartridges,lexmark printer cartridge,lexmark cartridge cheap,lexmark print cartridge"
default,Samsung,Samsung-Printer-Ink-Toner,1,,,Samsung Toner Cartridge | Samsung Drum |Samsung Printer Cartridge | Samsung Printer Ink,Awesome prices on Samsung printer ink cartridges. Same-day shipping & satisfaction guarantee on all Samsung printer cartridges!,"samsung laser cartridge,samsung drum,samsung printer cartridge,samsung printer ink,samsung laser cartridges,samsung drums,samsung printer cartridges,samsung printer ink cartridges"
default,Dell,Dell-Cartridges,1,,,"Dell Ink Cartridges | 924 Ink, 922 Cartridge, 962 Ink, 942 Ink & More!","Best prices on Dell printer cartridges. All Dell models including 924, 922, 962, 942, 944, 964, and 946","dell cartridges,924 ink,922 cartridge,962 ink,942 ink,dell cartridge,924 ink cartridges,922 cartridges"
default,Kodak,Kodak-Printer-Ink-Toner,1,,,Kodak Ink Cartridges | Kodak Printer Ink & Kodak Toner from TomatoInk,"Best prices on Kodak printer cartridges! Massive discounts, 1-yr money-back guarantee & next day shipping! Best prices on EasyShare, All-in-one & ESP ink!","kodak cartridges,kodak printer ink,kodak esp ink,kodak printer cartridges,kodak toner"
default,Konica-Minolta,Konica-Minolta-Printer-Ink-Toner-Cartridges,1,,,Konica-Minolta Printer Laser Toner Cartridge,"We sell printer ink cartridge laser toner usb accessories. Major printer brand like, HP Canon Brother Epson Xerox Sharp Dell Lexmark Konica-Minolta","printer,ink,toner,cartridge,usb,accessories,affordable,laser,hp,canon,brother,epson,xerox,dell,lexmark,sharp,Konica-Minolta"
default,Okidata,Okidata-Printer-Ink-Toner,1,,,Okidata Oki Series Ink and Toner Cartridges,Okidata Oki Series Ink and Toner Cartridges,"ink, printer ink, inkjet cartridges, ink cartridges, toner cartridges, printer cartridges, inkjet printer cartridge, laser toner, Okidata Oki Series, fax toner, refill kits, dell, epson, canon, hp, brother, samsung, lexmark, kodak, photo paper"
default,Xerox,Xerox-Printer-Ink-Toner,1,,,Xerox Printer Inkjet Cartridges,"We sell printer ink cartridge laser toner usb accessories. Major printer brand like, HP Canon Brother Epson Xerox Sharp Dell Lexmark.","printer,ink,toner,cartridge,usb,accessories,affordable,laser,hp,canon,brother,epson,xerox,dell,lexmark,sharp"
default,Kyocera-Mita,Kyocera-Mita-Printer-Ink-Laser-Toner,1,,,Kyocera-Mita Printer Laser Toner Cartridge,"We sell printer ink cartridge laser toner usb accessories. Major printer brand like, HP Canon Brother Epson Xerox Sharp Dell Lexmark Kyocera-Mita","printer,ink,toner,cartridge,usb,accessories,affordable,laser,hp,canon,brother,epson,xerox,dell,lexmark,sharp,Kyocera-Mita"
default,Pitney Bowes,Pitney-Bowes-Ink-Toner-Cartridges,1,,,Pitney Bowes Ink Cartridges,"We sell printer ink cartridge laser toner usb accessories. Major printer brand like, HP Canon Brother Epson Xerox Sharp Dell Lexmark Pitney Bowes","printer,ink,toner,cartridge,usb,accessories,affordable,laser,hp,canon,brother,epson,xerox,dell,lexmark,sharp,Pitney Bowes"
default,Sharp,Sharp-Printer-Ink-Toner,1,,,Sharp  Series Ink and Toner Cartridges,Sharp  Series Ink and Toner Cartridges,"ink, printer ink, inkjet cartridges, ink cartridges, toner cartridges, printer cartridges, inkjet printer cartridge, laser toner, Sharp  Series, fax toner, refill kits, dell, epson, canon, hp, brother, samsung, lexmark, kodak, photo paper"
default,Panasonic,Panasonic-Printer-Laser-Toner-Cartridge,1,,,Panasonic Printer Laser Toner Cartridge,"We sell printer ink cartridge laser toner usb accessories. Major printer brand like, HP Canon Brother Epson Xerox Sharp Dell Lexmark Kyocera-Mita Panasonic","printer,ink,toner,cartridge,usb,accessories,affordable,laser,hp,canon,brother,epson,xerox,dell,lexmark,sharp,Kyocera-Mita,Panasonic"
default,IBM,IBM-Printer-Ink-Toner,1,,,IBM Series Ink and Toner Cartridges,IBM Series Ink and Toner Cartridges,"ink, printer ink, inkjet cartridges, ink cartridges, toner cartridges, printer cartridges, inkjet printer cartridge, laser toner, IBM  Series, fax toner, refill kits, dell, epson, canon, hp, brother, samsung, lexmark, kodak, photo paper"
default,Ricoh,Ricoh-Printer-Ink-Toner,1,,,Ricoh Printer Inkjet Cartridges,"We sell printer ink cartridge laser toner usb accessories. Major printer brand like, HP Canon Brother Epson Xerox Sharp Dell Lexmark.","printer,ink,toner,cartridge,usb,accessories,affordable,laser,hp,canon,brother,epson,xerox,dell,lexmark,sharp"
default,Apple,Apple-Printer-Ink-Toner,1,,,Apple Printer Inkjet Cartridges,"We sell printer ink cartridge laser toner usb accessories. Major printer brand like, HP Canon Brother Epson Xerox Sharp Dell Lexmark.","printer,ink,toner,cartridge,usb,accessories,affordable,laser,hp,canon,brother,epson,xerox,dell,lexmark,sharp"
default,Compaq,Compaq-Printer-Ink-Toner,1,,,Compaq  Series Ink and Toner Cartridges,Compaq  Series Ink and Toner Cartridges,"ink, printer ink, inkjet cartridges, ink cartridges, toner cartridges, printer cartridges, inkjet printer cartridge, laser toner, Compaq  Series, fax toner, refill kits, dell, epson, canon, hp, brother, samsung, lexmark, kodak, photo paper"
default,Apollo,Apollo-Printer-Ink-Toner,1,,,Apollo  Series Ink and Toner Cartridges,Apollo  Series Ink and Toner Cartridges,"ink, printer ink, inkjet cartridges, ink cartridges, toner cartridges, printer cartridges, inkjet printer cartridge, laser toner, Apollo  Series, fax toner, refill kits, dell, epson, canon, hp, brother, samsung, lexmark, kodak, photo paper"
default,Other Brands,Other-Brands-Printer-Ink-Toner-Cartridges,1,,,Other Brands Printer Inkjet Cartridges,"We sell printer ink cartridge laser toner usb accessories. Major printer brand like, HP Canon Brother Epson Xerox Sharp Dell Lexmark.","printer,ink,toner,cartridge,usb,accessories,affordable,laser,hp,canon,brother,epson,xerox,dell,lexmark,sharp"
default,Cables,USB-Printer-Cables,1,,,USB Cables | USB Printer Cables,"We offer usb cables, usb printer cables at super low price.  Next day shipping and free shipping for order over $50.","usb cables, usb device cables, usb printer cables"
default,Printer Supply,Printer-Supply,1,,,Photo Paper | Inkjet Photo Paper | Glossy Photo Paper,"We offer premium photo paper, inkjet photo paper and glossy photo paper at super low price.  Next day shipping and free shipping for order over $50.","photo paper, inkjet photo paper, glossy photo paper, premium photo paper, matte photo paper, 4x6 photo paper, 4 x 6 photo paper, premium plus photo paper, 13x19 photo paper"
default,HP/OfficeJet,HP-OfficeJet-Series-Ink-and-Toner-Cartridges,0,,,HP OfficeJet Series Ink and Toner Cartridges,HP OfficeJet Series Ink and Toner Cartridges,
default,HP/2000,HP-2000-Series-Ink-and-Toner-Cartridges,0,,,HP 2000 Series Ink and Toner Cartridges,HP 2000 Series Ink and Toner Cartridges,
default,HP/Envy,HP-Envy-Series-Ink-and-Toner-Cartridges,0,,,HP Envy Series Ink and Toner Cartridges,HP Envy Series Ink and Toner Cartridges,
default,HP/Color LaserJet,HP-Color-LaserJet-Series-Ink-and-Toner-Cartridges,0,,,HP Color LaserJet Series Ink and Toner Cartridges,HP Color LaserJet Series Ink and Toner Cartridges,
default,HP/LaserJet,HP-LaserJet-Series-Ink-and-Toner-Cartridges,0,,,HP LaserJet Series Ink and Toner Cartridges,HP LaserJet Series Ink and Toner Cartridges,
default,HP/DeskJet,HP-DeskJet-Series-Ink-and-Toner-Cartridges,0,,,HP DeskJet Series Ink and Toner Cartridges,HP DeskJet Series Ink and Toner Cartridges,
default,HP/DesignJet,HP-DesignJet-Series-Ink-and-Toner-Cartridges,0,,,HP DesignJet Series Ink and Toner Cartridges,HP DesignJet Series Ink and Toner Cartridges,
default,HP/DeskWriter,HP-DeskWriter-Series-Ink-and-Toner-Cartridges,0,,,HP DeskWriter Series Ink and Toner Cartridges,HP DeskWriter Series Ink and Toner Cartridges,
default,HP/Color Copier ,HP-Color-Copier-\-Inkjet-Series-Ink-and-Toner-Cartridges,0,,,HP Color Copier \ Inkjet Series Ink and Toner Cartridges,HP Color Copier \ Inkjet Series Ink and Toner Cartridges,
default,HP/Fax,HP-Fax-Series-Ink-and-Toner-Cartridges,0,,,HP Fax Series Ink and Toner Cartridges,HP Fax Series Ink and Toner Cartridges,
default,HP/PhotoSmart,HP-PhotoSmart-Series-Ink-and-Toner-Cartridges,0,,,HP PhotoSmart Series Ink and Toner Cartridges,HP PhotoSmart Series Ink and Toner Cartridges,
default,HP/Business Inkjet ,HP-Business-Inkjet-Series-Ink-and-Toner-Cartridges,0,,,HP Business Inkjet Series Ink and Toner Cartridges,HP Business Inkjet Series Ink and Toner Cartridges,
default,HP/Digital Copier ,HP-Digital-Copier-Series-Ink-and-Toner-Cartridges,0,,,HP Digital Copier Series Ink and Toner Cartridges,HP Digital Copier Series Ink and Toner Cartridges,
default,HP/CP,HP-CP-Series-Ink-and-Toner-Cartridges,0,,,HP CP Series Ink and Toner Cartridges,HP CP Series Ink and Toner Cartridges,
default,HP/PSC,HP-Printer/Scanner/Copier-Series-Ink-and-Toner-Cartridges,0,,,HP Printer/Scanner/Copier Series Ink and Toner Cartridges,HP Printer/Scanner/Copier Series Ink and Toner Cartridges,
default,HP/Other,HP-other-Series,0,,,HP other Series Ink and Toner Cartridges,HP other Series Ink and Toner Cartridges,
default,Epson/Other ,Epson-Other-Series-Ink-and-Toner-Cartridges,0,,,Epson Other Series Ink and Toner Cartridges,Epson Other Series Ink and Toner Cartridges,
default,Epson/ActionLaser,Epson-ActionLaser-Series-Printer-Ink-Toner,0,,,CompAndSave.com - Epson ActionLaser Series Printer Laser Toner Cartridge,"We sell printer ink cartridge laser toner usb accessories. Major printer brand like, HP Canon Brother Epson Xerox Sharp Dell Lexmark.","printer,ink,toner,cartridge,usb,accessories,affordable,laser,hp,canon,brother,epson,xerox,dell,lexmark,sharp"
default,Epson/EPL,Epson-EPL-Series-Printer-Ink-Toner,0,,,CompAndSave.com - Epson EPL Series Printer Laser Toner Cartridge,"We sell printer ink cartridge laser toner usb accessories. Major printer brand like, HP Canon Brother Epson Xerox Sharp Dell Lexmark.","printer,ink,toner,cartridge,usb,accessories,affordable,laser,hp,canon,brother,epson,xerox,dell,lexmark,sharp"
default,Epson/LP,Epson-LP-Series-Printer-Ink-Toner,0,,,CompAndSave.com - Epson LP Series Printer Laser Toner Cartridge,"We sell printer ink cartridge laser toner usb accessories. Major printer brand like, HP Canon Brother Epson Xerox Sharp Dell Lexmark.","printer,ink,toner,cartridge,usb,accessories,affordable,laser,hp,canon,brother,epson,xerox,dell,lexmark,sharp"
default,Epson/Workforce,Epson-Workforce-Series-Ink-and-Toner-Cartridges,0,,,Epson Workforce Series Ink and Toner Cartridges,Epson Workforce Series Ink and Toner Cartridges,
default,Epson/Artisan,Epson-Artisan-Series-Ink-and-Toner-Cartridges,0,,,Epson Artisan Series Ink and Toner Cartridges,Epson Artisan Series Ink and Toner Cartridges,
default,Epson/Expression,Epson-Expression-Series-Ink-and-Toner-Cartridges,0,,,Epson Expression Series Ink and Toner Cartridges,Epson Expression Series Ink and Toner Cartridges,"ink, printer ink, inkjet cartridges, ink cartridges, toner cartridges, printer cartridges, inkjet printer cartridge, laser toner, Epson Artisan Series, fax toner, refill kits, dell, epson, canon, hp, brother, samsung, lexmark, kodak, photo paper"
default,Epson/Workforce Pro,Epson-Workforce-Pro-Series-Ink-and-Toner-Cartridges,0,,,Epson Workforce Pro Series Ink and Toner Cartridges,Epson Workforce Pro Series Ink and Toner Cartridges,"ink, printer ink, inkjet cartridges, ink cartridges, toner cartridges, printer cartridges, inkjet printer cartridge, laser toner, Epson Workforce Series, fax toner, refill kits, dell, epson, canon, hp, brother, samsung, lexmark, kodak, photo paper"
default,Epson/MJ,Epson-MJ-Series-Ink-and-Toner-Cartridges,0,,,Epson MJ Series Ink and Toner Cartridges,Epson MJ Series Ink and Toner Cartridges,
default,Epson/Stylus,Epson-Stylus-Series-Ink-and-Toner-Cartridges,0,,,Epson Stylus Series Ink and Toner Cartridges,Epson Stylus Series Ink and Toner Cartridges,
default,Epson/Stylus Color,Epson-Stylus-color-Series-Ink-and-Toner-Cartridges,0,,,Epson Stylus color Series Ink and Toner Cartridges,Epson Stylus color Series Ink and Toner Cartridges,
default,Epson/Stylus Photo,Epson-Stylus-Photo-Series-Ink-and-Toner-Cartridges,0,,,Epson Stylus Photo Series Ink and Toner Cartridges,Epson Stylus Photo Series Ink and Toner Cartridges,
default,Epson/Stylus Pro,Epson-Stylus-Pro-Series-Ink-and-Toner-Cartridges,0,,,Epson Stylus Pro Series Ink and Toner Cartridges,Epson Stylus Pro Series Ink and Toner Cartridges,
default,Epson/Stylus Scan,Epson-Stylus-Scan-Series-Ink-and-Toner-Cartridges,0,,,Epson Stylus Scan Series Ink and Toner Cartridges,Epson Stylus Scan Series Ink and Toner Cartridges,
default,Brother/Fax,Brother-Fax-Series-Ink-and-Toner-Cartridges,0,,,Brother Fax Series Ink and Toner Cartridges,Brother Fax Series Ink and Toner Cartridges,"ink, printer ink, inkjet cartridges, ink cartridges, toner cartridges, printer cartridges, inkjet printer cartridge, laser toner, Brother Fax Series, fax toner, refill kits, dell, epson, canon, hp, brother, samsung, lexmark, kodak, photo paper"
default,Brother/HL ,Brother-HL-Series-Ink-and-Toner-Cartridges,0,,,Brother HL Series Ink and Toner Cartridges,Brother HL Series Ink and Toner Cartridges,"ink, printer ink, inkjet cartridges, ink cartridges, toner cartridges, printer cartridges, inkjet printer cartridge, laser toner, Brother HL Series, fax toner, refill kits, dell, epson, canon, hp, brother, samsung, lexmark, kodak, photo paper"
default,Brother/PPF,Brother-PPF-Series-Ink-and-Toner-Cartridges,0,,,Brother PPF Series Ink and Toner Cartridges,Brother PPF Series Ink and Toner Cartridges,"ink, printer ink, inkjet cartridges, ink cartridges, toner cartridges, printer cartridges, inkjet printer cartridge, laser toner, Brother PPF Series, fax toner, refill kits, dell, epson, canon, hp, brother, samsung, lexmark, kodak, photo paper"
default,Brother/DP,Brother-DP-Series-Ink-and-Toner-Cartridges,0,,,Brother DP Series Ink and Toner Cartridges,Brother DP Series Ink and Toner Cartridges,"ink, printer ink, inkjet cartridges, ink cartridges, toner cartridges, printer cartridges, inkjet printer cartridge, laser toner, Brother DP Series, fax toner, refill kits, dell, epson, canon, hp, brother, samsung, lexmark, kodak, photo paper"
default,Brother/DCP,Brother-DCP-Series-Ink-and-Toner-Cartridges,0,,,Brother DCP Series Ink and Toner Cartridges,Brother DCP Series Ink and Toner Cartridges,"ink, printer ink, inkjet cartridges, ink cartridges, toner cartridges, printer cartridges, inkjet printer cartridge, laser toner, Brother DCP Series, fax toner, refill kits, dell, epson, canon, hp, brother, samsung, lexmark, kodak, photo paper"
default,Brother/IntelliFAX,Brother-IntelliFAX-Series-Ink-and-Toner-Cartridges,0,,,Brother IntelliFAX Series Ink and Toner Cartridges,Brother IntelliFAX Series Ink and Toner Cartridges,"ink, printer ink, inkjet cartridges, ink cartridges, toner cartridges, printer cartridges, inkjet printer cartridge, laser toner, Brother IntelliFAX Series, fax toner, refill kits, dell, epson, canon, hp, brother, samsung, lexmark, kodak, photo paper"
default,Brother/MFC,Brother-MFC-Series-Ink-and-Toner-Cartridges,0,,,Brother MFC Series Ink and Toner Cartridges,Brother MFC Series Ink and Toner Cartridges,"ink, printer ink, inkjet cartridges, ink cartridges, toner cartridges, printer cartridges, inkjet printer cartridge, laser toner, Brother MFC Series, fax toner, refill kits, dell, epson, canon, hp, brother, samsung, lexmark, kodak, photo paper"
default,Brother/WP,Brother-WP-Series-Ink-and-Toner-Cartridges,0,,,Brother WP Series Ink and Toner Cartridges,Brother WP Series Ink and Toner Cartridges,"ink, printer ink, inkjet cartridges, ink cartridges, toner cartridges, printer cartridges, inkjet printer cartridge, laser toner, Brother WP Series, fax toner, refill kits, dell, epson, canon, hp, brother, samsung, lexmark, kodak, photo paper"
default,Brother/Other ,Brother-Other-Series-Ink-and-Toner-Cartridges,0,,,Brother Other Series Ink and Toner Cartridges,Brother Other Series Ink and Toner Cartridges,"ink, printer ink, inkjet cartridges, ink cartridges, toner cartridges, printer cartridges, inkjet printer cartridge, laser toner, Brother Other Series, fax toner, refill kits, dell, epson, canon, hp, brother, samsung, lexmark, kodak, photo paper"
default,Canon/Selphy,Canon-Selphy-Series-Ink-and-Toner-Cartridges,0,,,Canon Selphy Series Ink and Toner Cartridges,Canon Selphy Series Ink and Toner Cartridges,"ink, printer ink, inkjet cartridges, ink cartridges, toner cartridges, printer cartridges, inkjet printer cartridge, laser toner, Canon Selphy Series, fax toner, refill kits, dell, epson, canon, hp, brother, samsung, lexmark, kodak, photo paper"
default,Canon/ImagePrograf,Canon-ImagePrograf-Series-Ink-and-Toner-Cartridges,0,,,Canon ImagePrograf Series Ink and Toner Cartridges,Canon ImagePrograf Series Ink and Toner Cartridges,
default,Canon/Toner Fax,Canon-Toner-Fax-Series-Ink-and-Toner-Cartridges,0,,,Canon Toner Fax Series Ink and Toner Cartridges,Canon Toner Fax Series Ink and Toner Cartridges,"ink, printer ink, inkjet cartridges, ink cartridges, toner cartridges, printer cartridges, inkjet printer cartridge, laser toner, Canon Toner Fax Series, fax toner, refill kits, dell, epson, canon, hp, brother, samsung, lexmark, kodak, photo paper"
default,Canon/PC,Canon-PC-Series-Ink-and-Toner-Cartridges,0,,,Canon PC Series Ink and Toner Cartridges,Canon PC Series Ink and Toner Cartridges,"ink, printer ink, inkjet cartridges, ink cartridges, toner cartridges, printer cartridges, inkjet printer cartridge, laser toner, Canon PC Series, fax toner, refill kits, dell, epson, canon, hp, brother, samsung, lexmark, kodak, photo paper"
default,Canon/LBP,Canon-LBP-Series-Ink-and-Toner-Cartridges,0,,,Canon LBP Series Ink and Toner Cartridges,Canon LBP Series Ink and Toner Cartridges,"ink, printer ink, inkjet cartridges, ink cartridges, toner cartridges, printer cartridges, inkjet printer cartridge, laser toner, Canon LBP Series, fax toner, refill kits, dell, epson, canon, hp, brother, samsung, lexmark, kodak, photo paper"
default,Canon/ImageRunner,Canon-ImageRunner-Series-Ink-and-Toner-Cartridges,0,,,Canon ImageRunner Series Ink and Toner Cartridges,Canon ImageRunner Series Ink and Toner Cartridges,"ink, printer ink, inkjet cartridges, ink cartridges, toner cartridges, printer cartridges, inkjet printer cartridge, laser toner, Canon ImageRunner Series, fax toner, refill kits, dell, epson, canon, hp, brother, samsung, lexmark, kodak, photo paper"
default,Canon/P ,Canon-P-Series-Ink-and-Toner-Cartridges,0,,,Canon P Series Ink and Toner Cartridges,Canon P Series Ink and Toner Cartridges,"ink, printer ink, inkjet cartridges, ink cartridges, toner cartridges, printer cartridges, inkjet printer cartridge, laser toner, Canon P Series, fax toner, refill kits, dell, epson, canon, hp, brother, samsung, lexmark, kodak, photo paper"
default,Canon/LaserCLASS,Canon-LaserCLASS-Series-Ink-and-Toner-Cartridges,0,,,Canon LaserCLASS Series Ink and Toner Cartridges,Canon LaserCLASS Series Ink and Toner Cartridges,"ink, printer ink, inkjet cartridges, ink cartridges, toner cartridges, printer cartridges, inkjet printer cartridge, laser toner, Canon LaserCLASS Series, fax toner, refill kits, dell, epson, canon, hp, brother, samsung, lexmark, kodak, photo paper"
default,Canon/ImageCLASS,Canon-ImageCLASS-Series-Ink-and-Toner-Cartridges,0,,,Canon ImageCLASS Series Ink and Toner Cartridges,Canon ImageCLASS Series Ink and Toner Cartridges,
default,Canon/NP,Canon-NP-Series-Printer-Ink-Toner,0,,,CompAndSave.com - Canon NP Series Printer Laser Toner Cartridge,"We sell printer ink cartridge laser toner usb accessories. Major printer brand like, HP Canon Brother Epson Xerox Sharp Dell Lexmark.","printer,ink,toner,cartridge,usb,accessories,affordable,laser,hp,canon,brother,epson,xerox,dell,lexmark,sharp"
default,Canon/FC,Canon-FC-Series-Ink-and-Toner-Cartridges,0,,,Canon FC Series Ink and Toner Cartridges,Canon FC Series Ink and Toner Cartridges,"ink, printer ink, inkjet cartridges, ink cartridges, toner cartridges, printer cartridges, inkjet printer cartridge, laser toner, Canon FC Series, fax toner, refill kits, dell, epson, canon, hp, brother, samsung, lexmark, kodak, photo paper"
default,Canon/BJ,Canon-BJ-Series-Ink-and-Toner-Cartridges,0,,,Canon BJ Series Ink and Toner Cartridges,Canon BJ Series Ink and Toner Cartridges,"ink, printer ink, inkjet cartridges, ink cartridges, toner cartridges, printer cartridges, inkjet printer cartridge, laser toner, Canon BJ Series, fax toner, refill kits, dell, epson, canon, hp, brother, samsung, lexmark, kodak, photo paper"
default,Canon/BJC,Canon-BJC-Series-Ink-and-Toner-Cartridges,0,,,Canon BJC Series Ink and Toner Cartridges,Canon BJC Series Ink and Toner Cartridges,
default,Canon/Inkjet Fax,Canon-Inkjet-Fax-Series-Ink-and-Toner-Cartridges,0,,,Canon Inkjet Fax Series Ink and Toner Cartridges,Canon Inkjet Fax Series Ink and Toner Cartridges,"ink, printer ink, inkjet cartridges, ink cartridges, toner cartridges, printer cartridges, inkjet printer cartridge, laser toner, Canon Inkjet Fax Series, fax toner, refill kits, dell, epson, canon, hp, brother, samsung, lexmark, kodak, photo paper"
default,Canon/MultiPASS,Canon-MultiPASS-Series-Ink-and-Toner-Cartridges,0,,,Canon MultiPASS Series Ink and Toner Cartridges,Canon MultiPASS Series Ink and Toner Cartridges,
default,Canon/I,Canon-I-Series-Ink-and-Toner-Cartridges,0,,,Canon I Series Ink and Toner Cartridges,Canon I Series Ink and Toner Cartridges,
default,Canon/S,Canon-S-Series-Ink-and-Toner-Cartridges,0,,,Canon S Series Ink and Toner Cartridges,Canon S Series Ink and Toner Cartridges,"ink, printer ink, inkjet cartridges, ink cartridges, toner cartridges, printer cartridges, inkjet printer cartridge, laser toner, Canon S Series, fax toner, refill kits, dell, epson, canon, hp, brother, samsung, lexmark, kodak, photo paper"
default,Canon/StarWriter,Canon-Multifunction--StarWriter-Series-Ink-Cartridges,0,,,Canon Multifunction - StarWriter Series Ink and Toner Cartridges,Canon Multifunction - StarWriter Series Ink and Toner Cartridges,"ink, printer ink, inkjet cartridges, ink cartridges, toner cartridges, printer cartridges, inkjet printer cartridge, laser toner, Canon Multifunction - StarWriter Series, fax toner, refill kits, dell, epson, canon, hp, brother, samsung, lexmark, kodak, photo paper"
default,Canon/Smartbase,Canon-Smartbase-Series-Ink-and-Toner-Cartridges,0,,,Canon Smartbase Series Ink and Toner Cartridges,Canon Smartbase Series Ink and Toner Cartridges,"ink, printer ink, inkjet cartridges, ink cartridges, toner cartridges, printer cartridges, inkjet printer cartridge, laser toner, Canon Smartbase Series, fax toner, refill kits, dell, epson, canon, hp, brother, samsung, lexmark, kodak, photo paper"
default,Canon/Pixma,Canon-Pixma-Series-Ink-and-Toner-Cartridges,0,,,Canon Pixma Series Ink and Toner Cartridges,Canon Pixma Series Ink and Toner Cartridges,
default,Canon/Other,Canon-Others-Series-Ink-and-Toner-Cartridges,0,,,Canon Others Series Ink and Toner Cartridges,Canon Others Series Ink and Toner Cartridges,"ink, printer ink, inkjet cartridges, ink cartridges, toner cartridges, printer cartridges, inkjet printer cartridge, laser toner, Canon Others Series, fax toner, refill kits, dell, epson, canon, hp, brother, samsung, lexmark, kodak, photo paper"
default,Lexmark/E,Lexmark-E-Series-Ink-and-Toner-Cartridges,0,,,Lexmark E Series Ink and Toner Cartridges,Lexmark E Series Ink and Toner Cartridges,"ink, printer ink, inkjet cartridges, ink cartridges, toner cartridges, printer cartridges, inkjet printer cartridge, laser toner, Lexmark E Series, fax toner, refill kits, dell, epson, canon, hp, brother, samsung, lexmark, kodak, photo paper"
default,Lexmark/OptraImage,Lexmark-OptraImage-Series-Ink-and-Toner-Cartridges,0,,,Lexmark OptraImage Series Ink and Toner Cartridges,Lexmark OptraImage Series Ink and Toner Cartridges,"ink, printer ink, inkjet cartridges, ink cartridges, toner cartridges, printer cartridges, inkjet printer cartridge, laser toner, Lexmark OptraImage Series, fax toner, refill kits, dell, epson, canon, hp, brother, samsung, lexmark, kodak, photo paper"
default,Lexmark/T,Lexmark-T-Series-Ink-and-Toner-Cartridges,0,,,Lexmark T Series Ink and Toner Cartridges,Lexmark T Series Ink and Toner Cartridges,"ink, printer ink, inkjet cartridges, ink cartridges, toner cartridges, printer cartridges, inkjet printer cartridge, laser toner, Lexmark T Series, fax toner, refill kits, dell, epson, canon, hp, brother, samsung, lexmark, kodak, photo paper"
default,Lexmark/C,Lexmark-C-Series-Ink-and-Toner-Cartridges,0,,,Lexmark C Series Ink and Toner Cartridges,Lexmark C Series Ink and Toner Cartridges,"ink, printer ink, inkjet cartridges, ink cartridges, toner cartridges, printer cartridges, inkjet printer cartridge, laser toner, Lexmark C Series, fax toner, refill kits, dell, epson, canon, hp, brother, samsung, lexmark, kodak, photo paper"
default,Lexmark/ColorJet ,Lexmark-ColorJet-Series-Ink-and-Toner-Cartridges,0,,,Lexmark ColorJet Series Ink and Toner Cartridges,Lexmark ColorJet Series Ink and Toner Cartridges,"ink, printer ink, inkjet cartridges, ink cartridges, toner cartridges, printer cartridges, inkjet printer cartridge, laser toner, Lexmark ColorJet Series, fax toner, refill kits, dell, epson, canon, hp, brother, samsung, lexmark, kodak, photo paper"
default,Lexmark/Medley,Lexmark-Medley-Series-Ink-and-Toner-Cartridges,0,,,Lexmark Medley Series Ink and Toner Cartridges,Lexmark Medley Series Ink and Toner Cartridges,"ink, printer ink, inkjet cartridges, ink cartridges, toner cartridges, printer cartridges, inkjet printer cartridge, laser toner, Lexmark Medley Series, fax toner, refill kits, dell, epson, canon, hp, brother, samsung, lexmark, kodak, photo paper"
default,Lexmark/Optra,Lexmark-Optra-Series-Ink-and-Toner-Cartridges,0,,,Lexmark Optra Series Ink and Toner Cartridges,Lexmark Optra Series Ink and Toner Cartridges,"ink, printer ink, inkjet cartridges, ink cartridges, toner cartridges, printer cartridges, inkjet printer cartridge, laser toner, Lexmark Optra Series, fax toner, refill kits, dell, epson, canon, hp, brother, samsung, lexmark, kodak, photo paper"
default,Lexmark/P,Lexmark-P-Series-Ink-and-Toner-Cartridges,0,,,Lexmark P Series Ink and Toner Cartridges,Lexmark P Series Ink and Toner Cartridges,"ink, printer ink, inkjet cartridges, ink cartridges, toner cartridges, printer cartridges, inkjet printer cartridge, laser toner, Lexmark P Series, fax toner, refill kits, dell, epson, canon, hp, brother, samsung, lexmark, kodak, photo paper"
default,Lexmark/X,Lexmark-X-Series-Ink-and-Toner-Cartridges,0,,,Lexmark X Series Ink and Toner Cartridges,Lexmark X Series Ink and Toner Cartridges,"ink, printer ink, inkjet cartridges, ink cartridges, toner cartridges, printer cartridges, inkjet printer cartridge, laser toner, Lexmark X Series, fax toner, refill kits, dell, epson, canon, hp, brother, samsung, lexmark, kodak, photo paper"
default,Lexmark/Z,Lexmark-Z-Series-Ink-and-Toner-Cartridges,0,,,Lexmark Z Series Ink and Toner Cartridges,Lexmark Z Series Ink and Toner Cartridges,"ink, printer ink, inkjet cartridges, ink cartridges, toner cartridges, printer cartridges, inkjet printer cartridge, laser toner, Lexmark Z Series, fax toner, refill kits, dell, epson, canon, hp, brother, samsung, lexmark, kodak, photo paper"
default,Lexmark/Other,Lexmark-Other-Series-Ink-and-Toner-Cartridges,0,,,Lexmark Other Series Ink and Toner Cartridges,Lexmark Other Series Ink and Toner Cartridges,"ink, printer ink, inkjet cartridges, ink cartridges, toner cartridges, printer cartridges, inkjet printer cartridge, laser toner, Lexmark Other Series, fax toner, refill kits, dell, epson, canon, hp, brother, samsung, lexmark, kodak, photo paper"
default,Samsung/Other,Samsung-Other-Series-Ink-and-Toner-Cartridges,0,,,Samsung Other Series Ink and Toner Cartridges,Samsung Other Series Ink and Toner Cartridges,"ink, printer ink, inkjet cartridges, ink cartridges, toner cartridges, printer cartridges, inkjet printer cartridge, laser toner, Samsung Other Series, fax toner, refill kits, dell, epson, canon, hp, brother, samsung, lexmark, kodak, photo paper"
default,Samsung/FX,Samsung-FX-Series-Ink-and-Toner-Cartridges,0,,,Samsung FX Series Ink and Toner Cartridges,Samsung FX Series Ink and Toner Cartridges,"ink, printer ink, inkjet cartridges, ink cartridges, toner cartridges, printer cartridges, inkjet printer cartridge, laser toner, Samsung FX Series, fax toner, refill kits, dell, epson, canon, hp, brother, samsung, lexmark, kodak, photo paper"
default,Samsung/SF,Samsung-SF-Series-Ink-and-Toner-Cartridges,0,,,Samsung SF Series Ink and Toner Cartridges,Samsung SF Series Ink and Toner Cartridges,"ink, printer ink, inkjet cartridges, ink cartridges, toner cartridges, printer cartridges, inkjet printer cartridge, laser toner, Samsung SF Series, fax toner, refill kits, dell, epson, canon, hp, brother, samsung, lexmark, kodak, photo paper"
default,Samsung/CLX,Samsung-CLX-Series-Ink-and-Toner-Cartridges,0,,,Samsung CLX Series Ink and Toner Cartridges,Samsung CLX Series Ink and Toner Cartridges,"ink, printer ink, inkjet cartridges, ink cartridges, toner cartridges, printer cartridges, inkjet printer cartridge, laser toner, Samsung CLX Series, fax toner, refill kits, dell, epson, canon, hp, brother, samsung, lexmark, kodak, photo paper"
default,Samsung/SCX,Samsung-SCX-Series-Ink-and-Toner-Cartridges,0,,,Samsung SCX Series Ink and Toner Cartridges,Samsung SCX Series Ink and Toner Cartridges,"ink, printer ink, inkjet cartridges, ink cartridges, toner cartridges, printer cartridges, inkjet printer cartridge, laser toner, Samsung SCX Series, fax toner, refill kits, dell, epson, canon, hp, brother, samsung, lexmark, kodak, photo paper"
default,Samsung/CLP,Samsung-CLP-Series-Ink-and-Toner-Cartridges,0,,,Samsung CLP Series Ink and Toner Cartridges,Samsung CLP Series Ink and Toner Cartridges,"ink, printer ink, inkjet cartridges, ink cartridges, toner cartridges, printer cartridges, inkjet printer cartridge, laser toner, Samsung CLP Series, fax toner, refill kits, dell, epson, canon, hp, brother, samsung, lexmark, kodak, photo paper"
default,Samsung/ML ,Samsung-ML-Series-Ink-and-Toner-Cartridges,0,,,Samsung ML Series Ink and Toner Cartridges,Samsung ML Series Ink and Toner Cartridges,"ink, printer ink, inkjet cartridges, ink cartridges, toner cartridges, printer cartridges, inkjet printer cartridge, laser toner, Samsung ML Series, fax toner, refill kits, dell, epson, canon, hp, brother, samsung, lexmark, kodak, photo paper"
default,Samsung/MSYS,Samsung-MSYS-Series-Ink-and-Toner-Cartridges,0,,,Samsung MSYS Series Ink and Toner Cartridges,Samsung MSYS Series Ink and Toner Cartridges,"ink, printer ink, inkjet cartridges, ink cartridges, toner cartridges, printer cartridges, inkjet printer cartridge, laser toner, Samsung MSYS Series, fax toner, refill kits, dell, epson, canon, hp, brother, samsung, lexmark, kodak, photo paper"
default,Samsung/QL,Samsung-QL-Series-Ink-and-Toner-Cartridges,0,,,Samsung QL Series Ink and Toner Cartridges,Samsung QL Series Ink and Toner Cartridges,"ink, printer ink, inkjet cartridges, ink cartridges, toner cartridges, printer cartridges, inkjet printer cartridge, laser toner, Samsung QL Series, fax toner, refill kits, dell, epson, canon, hp, brother, samsung, lexmark, kodak, photo paper"
default,Dell/Dell Laser,Dell-Laser-Series-Ink-and-Toner-Cartridges,0,,,Dell Laser Series Ink and Toner Cartridges,Dell Laser Series Ink and Toner Cartridges,"ink, printer ink, inkjet cartridges, ink cartridges, toner cartridges, printer cartridges, inkjet printer cartridge, laser toner, Dell Laser Series, fax toner, refill kits, dell, epson, canon, hp, brother, samsung, lexmark, kodak, photo paper"
default,Dell/7,Dell-7-Series-Printer-Ink-Toner,0,,,CompAndSave.com - Dell 7 Series Printer Inkjet Cartridge,"We sell printer ink cartridge laser toner usb accessories. Major printer brand like, HP Canon Brother Epson Xerox Sharp Dell Lexmark.","printer,ink,toner,cartridge,usb,accessories,affordable,laser,hp,canon,brother,epson,xerox,dell,lexmark,sharp"
default,Dell/A,Dell-A-Series-Printer-Ink-Toner,0,,,CompAndSave.com - Dell A Series Printer Inkjet Cartridge,"We sell printer ink cartridge laser toner usb accessories. Major printer brand like, HP Canon Brother Epson Xerox Sharp Dell Lexmark.","printer,ink,toner,cartridge,usb,accessories,affordable,laser,hp,canon,brother,epson,xerox,dell,lexmark,sharp"
default,Dell/All-in-one,Dell-Photo-All-in-one-Series-Ink-and-Toner-Cartridges,0,,,Dell Photo All-in-one Series Ink and Toner Cartridges,Dell Photo All-in-one Series Ink and Toner Cartridges,"ink, printer ink, inkjet cartridges, ink cartridges, toner cartridges, printer cartridges, inkjet printer cartridge, laser toner, Dell Photo All-in-one Series, fax toner, refill kits, dell, epson, canon, hp, brother, samsung, lexmark, kodak, photo paper"
default,Kodak/All-in-one,Kodak-All-in-one-Series-Ink-and-Toner-Cartridges,0,,,Kodak All-in-one Series Ink and Toner Cartridges,Kodak All-in-one Series Ink and Toner Cartridges,"ink, printer ink, inkjet cartridges, ink cartridges, toner cartridges, printer cartridges, inkjet printer cartridge, laser toner, Kodak All-in-one Series, fax toner, refill kits, dell, epson, canon, hp, brother, samsung, lexmark, kodak, photo paper"
default,Kodak/EasyShare,Kodak-EasyShare-Series-Ink-and-Toner-Cartridges,0,,,Kodak EasyShare Series Ink and Toner Cartridges,Kodak EasyShare Series Ink and Toner Cartridges,"ink, printer ink, inkjet cartridges, ink cartridges, toner cartridges, printer cartridges, inkjet printer cartridge, laser toner, Kodak EasyShare Series, fax toner, refill kits, dell, epson, canon, hp, brother, samsung, lexmark, kodak, photo paper"
default,Kodak/ESP,Kodak-ESP-Series-Ink-and-Toner-Cartridges,0,,,Kodak ESP Series Ink and Toner Cartridges,Kodak ESP Series Ink and Toner Cartridges,"ink, printer ink, inkjet cartridges, ink cartridges, toner cartridges, printer cartridges, inkjet printer cartridge, laser toner, Kodak ESP Series, fax toner, refill kits, dell, epson, canon, hp, brother, samsung, lexmark, kodak, photo paper"
default,Kodak/PM,Kodak-PM-Series-Ink-and-Toner-Cartridges,0,,,Kodak PM Series Ink and Toner Cartridges,Kodak PM Series Ink and Toner Cartridges,"ink, printer ink, inkjet cartridges, ink cartridges, toner cartridges, printer cartridges, inkjet printer cartridge, laser toner, Kodak PM Series, fax toner, refill kits, dell, epson, canon, hp, brother, samsung, lexmark, kodak, photo paper"
default,Konica-Minolta/Bizhub,Konica-Minolta-Bizhub-Series-Ink-and-Toner-Cartridges,0,,,Konica-Minolta Bizhub Series Ink and Toner Cartridges,Konica-Minolta Bizhub Series Ink and Toner Cartridges,"ink, printer ink, inkjet cartridges, ink cartridges, toner cartridges, printer cartridges, inkjet printer cartridge, laser toner, Konica-Minolta MagiColor Series, fax toner, refill kits, dell, epson, canon, hp, brother, samsung, lexmark, kodak, photo paper"
default,Konica-Minolta/FAX,Konica-Minolta-FAX-Series-Printer-Ink-Toner,0,,,CompAndSave.com - Konica Minolta FAX Series Printer Laser Toner Cartridge,"We sell printer ink cartridge laser toner usb accessories. Major printer brand like, HP Canon Brother Epson Xerox Sharp Dell Lexmark.","printer,ink,toner,cartridge,usb,accessories,affordable,laser,hp,canon,brother,epson,xerox,dell,lexmark,sharp,samsung,ricoh,Konica Minolta"
default,Konica-Minolta/MagiColor,Konica-Minolta-MagiColor-Series-Ink-and-Toner-Cartridges,0,,,Konica-Minolta MagiColor Series Ink and Toner Cartridges,Konica-Minolta MagiColor Series Ink and Toner Cartridges,"ink, printer ink, inkjet cartridges, ink cartridges, toner cartridges, printer cartridges, inkjet printer cartridge, laser toner, Konica-Minolta MagiColor Series, fax toner, refill kits, dell, epson, canon, hp, brother, samsung, lexmark, kodak, photo paper"
default,Konica-Minolta/Pabeworks,Konica-Minolta-Pabeworks-Series-Printer-Ink-Toner,0,,,CompAndSave.com - Konica Minolta Pabeworks Series Printer Laser Toner Cartridge,"We sell printer ink cartridge laser toner usb accessories. Major printer brand like, HP Canon Brother Epson Xerox Sharp Dell Lexmark.","printer,ink,toner,cartridge,usb,accessories,affordable,laser,hp,canon,brother,epson,xerox,dell,lexmark,sharp,samsung,ricoh,Konica Minolta"
default,Konica-Minolta/Pagepro,Konica-Minolta-PagePro-Series-Ink-and-Toner-Cartridges,0,,,Konica-Minolta PagePro Series Ink and Toner Cartridges,Konica-Minolta PagePro Series Ink and Toner Cartridges,"ink, printer ink, inkjet cartridges, ink cartridges, toner cartridges, printer cartridges, inkjet printer cartridge, laser toner, Konica-Minolta PagePro Series, fax toner, refill kits, dell, epson, canon, hp, brother, samsung, lexmark, kodak, photo paper"
default,Okidata/Oki,Okidata-Oki-Series-Laser-Toner-Cartridges,0,,,Okidata Oki Series Ink and  Toner Cartridges,Okidata Oki Series Ink and  Toner Cartridges,"ink, printer ink, inkjet cartridges, ink cartridges, toner cartridges, printer cartridges, inkjet printer cartridge, laser toner, Okidata Oki , fax toner, refill kits, dell, epson, canon, hp, brother, samsung, lexmark, kodak, photo paper"
default,Xerox/Other,Xerox-Other-Series-Ink-and-Toner-Cartridges,0,,,Xerox Other Series Ink and Toner Cartridges,Xerox Other Series Ink and Toner Cartridges,"ink, printer ink, inkjet cartridges, ink cartridges, toner cartridges, printer cartridges, inkjet printer cartridge, laser toner, Xerox Other Series, fax toner, refill kits, dell, epson, canon, hp, brother, samsung, lexmark, kodak, photo paper"
default,Xerox/DocuPrint,Xerox-DocuPrint-Series-Ink-and-Toner-Cartridges,0,,,Xerox DocuPrint Series Ink and Toner Cartridges,Xerox DocuPrint Series Ink and Toner Cartridges,"ink, printer ink, inkjet cartridges, ink cartridges, toner cartridges, printer cartridges, inkjet printer cartridge, laser toner, Xerox DocuPrint Series, fax toner, refill kits, dell, epson, canon, hp, brother, samsung, lexmark, kodak, photo paper"
default,Xerox/Document FaxCentre,Xerox-Document-FaxCentre-Series-Printer-Ink-Toner,0,,,CompAndSave.com - Xerox Document FaxCentre Series Printer Laser Toner Cartridge,"We sell printer ink cartridge laser toner usb accessories. Major printer brand like, HP Canon Brother Epson Xerox Sharp Dell Lexmark.","printer,ink,toner,cartridge,usb,accessories,affordable,laser,hp,canon,brother,epson,xerox,dell,lexmark,sharp,samsung"
default,Xerox/5000,Xerox-5000-Series-Printer-Ink-Toner,0,,,CompAndSave.com - Xerox 5000 Series Printer Laser Toner Cartridge,"We sell printer ink cartridge laser toner usb accessories. Major printer brand like, HP Canon Brother Epson Xerox Sharp Dell Lexmark.","printer,ink,toner,cartridge,usb,accessories,affordable,laser,hp,canon,brother,epson,xerox,dell,lexmark,sharp,samsung"
default,Xerox/Document WorkCentre,Xerox-Document-WorkCentre-Series-Printer-Ink-Toner,0,,,CompAndSave.com - Xerox Document WorkCentre Series Printer Laser Toner Cartridge,"We sell printer ink cartridge laser toner usb accessories. Major printer brand like, HP Canon Brother Epson Xerox Sharp Dell Lexmark.","printer,ink,toner,cartridge,usb,accessories,affordable,laser,hp,canon,brother,epson,xerox,dell,lexmark,sharp,samsung"
default,Xerox/DocumentCentre,Xerox-DocumentCentre-Series-Printer-Ink-Toner,0,,,CompAndSave.com - Xerox DocumentCentre Series Printer Laser Toner Cartridge,"We sell printer ink cartridge laser toner usb accessories. Major printer brand like, HP Canon Brother Epson Xerox Sharp Dell Lexmark.","printer,ink,toner,cartridge,usb,accessories,affordable,laser,hp,canon,brother,epson,xerox,dell,lexmark,sharp,samsung"
default,Xerox/Phaser,Xerox-Phaser-Series-Ink-and-Toner-Cartridges,0,,,Xerox Phaser Series Ink and Toner Cartridges,Xerox Phaser Series Ink and Toner Cartridges,"ink, printer ink, inkjet cartridges, ink cartridges, toner cartridges, printer cartridges, inkjet printer cartridge, laser toner, Xerox Phaser Series, fax toner, refill kits, dell, epson, canon, hp, brother, samsung, lexmark, kodak, photo paper"
default,Xerox/Tektronix Phaser,Xerox-Tektronix-Phaser-Series-Printer-Ink-Toner,0,,,CompAndSave.com - Xerox Tektronix Phaser Series Printer Laser Toner Cartridge,"We sell printer ink cartridge laser toner usb accessories. Major printer brand like, HP Canon Brother Epson Xerox Sharp Dell Lexmark.","printer,ink,toner,cartridge,usb,accessories,affordable,laser,hp,canon,brother,epson,xerox,dell,lexmark,sharp,samsung"
default,Xerox/WorkCentre,Xerox-WorkCentre-Series-Ink-and-Toner-Cartridges,0,,,Xerox WorkCentre Series Ink and Toner Cartridges,Xerox WorkCentre Series Ink and Toner Cartridges,"ink, printer ink, inkjet cartridges, ink cartridges, toner cartridges, printer cartridges, inkjet printer cartridge, laser toner, Xerox WorkCentre Series, fax toner, refill kits, dell, epson, canon, hp, brother, samsung, lexmark, kodak, photo paper"
default,Xerox/XC,Xerox-XC-Series-Printer-Ink-Toner,0,,,CompAndSave.com - Xerox XC Series Printer Laser Toner Cartridge,"We sell printer ink cartridge laser toner usb accessories. Major printer brand like, HP Canon Brother Epson Xerox Sharp Dell Lexmark.","printer,ink,toner,cartridge,usb,accessories,affordable,laser,hp,canon,brother,epson,xerox,dell,lexmark,sharp,samsung"
default,Xerox/XD,Xerox-XD-Series-Printer-Ink-Toner,0,,,CompAndSave.com - Xerox XD Series Printer Laser Toner Cartridge,"We sell printer ink cartridge laser toner usb accessories. Major printer brand like, HP Canon Brother Epson Xerox Sharp Dell Lexmark.","printer,ink,toner,cartridge,usb,accessories,affordable,laser,hp,canon,brother,epson,xerox,dell,lexmark,sharp,samsung"
default,Xerox/XL,Xerox-XL-Series-Printer-Ink-Toner,0,,,CompAndSave.com - Xerox XL Series Printer Laser Toner Cartridge,"We sell printer ink cartridge laser toner usb accessories. Major printer brand like, HP Canon Brother Epson Xerox Sharp Dell Lexmark.","printer,ink,toner,cartridge,usb,accessories,affordable,laser,hp,canon,brother,epson,xerox,dell,lexmark,sharp,samsung"
default,Xerox/ColorQube,Xerox-ColorQube-Series-Ink-and-Toner-Cartridges,0,,,Xerox ColorQube Series Ink and Toner Cartridges,Xerox ColorQube Series Ink and Toner Cartridges,"ink, printer ink, inkjet cartridges, ink cartridges, toner cartridges, printer cartridges, inkjet printer cartridge, laser toner, Xerox Phaser Series, fax toner, refill kits, dell, epson, canon, hp, brother, samsung, lexmark, kodak, photo paper"
default,Kyocera-Mita/FA,Kyocera-Mita-FA-Series-Ink-and-Toner-Cartridges,0,,,Kyocera-Mita FA Series Ink and Toner Cartridges,Kyocera-Mita FA Series Ink and Toner Cartridges,"ink, printer ink, inkjet cartridges, ink cartridges, toner cartridges, printer cartridges, inkjet printer cartridge, laser toner, Kyocera-Mita FA Series, fax toner, refill kits, dell, epson, canon, hp, brother, samsung, lexmark, kodak, photo paper"
default,Kyocera-Mita/FS,Kyocera-Mita-FS-Series-Ink-and-Toner-Cartridges,0,,,Kyocera-Mita FS Series Ink and Toner Cartridges,Kyocera-Mita FS Series Ink and Toner Cartridges,"ink, printer ink, inkjet cartridges, ink cartridges, toner cartridges, printer cartridges, inkjet printer cartridge, laser toner, Kyocera-Mita FS Series, fax toner, refill kits, dell, epson, canon, hp, brother, samsung, lexmark, kodak, photo paper"
default,Kyocera-Mita/Other,Kyocera-Mita-Other-Series-Ink-and-Toner-Cartridges,0,,,Kyocera-Mita Other Series Ink and Toner Cartridges,Kyocera-Mita Other Series Ink and Toner Cartridges,"ink, printer ink, inkjet cartridges, ink cartridges, toner cartridges, printer cartridges, inkjet printer cartridge, laser toner, Kyocera-Mita Other Series, fax toner, refill kits, dell, epson, canon, hp, brother, samsung, lexmark, kodak, photo paper"
default,Kyocera-Mita/KM,Kyocera-Mita-KM-Series-Ink-and-Toner-Cartridges,0,,,Kyocera-Mita KM Series Ink and Toner Cartridges,Kyocera-Mita KM Series Ink and Toner Cartridges,"ink, printer ink, inkjet cartridges, ink cartridges, toner cartridges, printer cartridges, inkjet printer cartridge, laser toner, Kyocera-Mita KM Series, fax toner, refill kits, dell, epson, canon, hp, brother, samsung, lexmark, kodak, photo paper"
default,Pitney Bowes/AddressRight,Pitney-Bowes-AddressRight-Series-Ink-Cartridges,0,,,Pitney Bowes AddressRight Series Ink and Toner Cartridges,Pitney Bowes AddressRight Series Ink and Toner Cartridges,"ink, printer ink, inkjet cartridges, ink cartridges, toner cartridges, printer cartridges, inkjet printer cartridge, laser toner, Pitney Bowes AddressRight Series, fax toner, refill kits, dell, epson, canon, hp, brother, samsung, lexmark, kodak, photo paper"
default,Pitney Bowes/MailStation,Pitney-Bowes-MailStation-Series-Ink-Cartridges,0,,,Pitney Bowes MailStation Series Ink and Toner Cartridges,Pitney Bowes MailStation Series Ink and Toner Cartridges,"ink, printer ink, inkjet cartridges, ink cartridges, toner cartridges, printer cartridges, inkjet printer cartridge, laser toner, Pitney Bowes MailStation Series, fax toner, refill kits, dell, epson, canon, hp, brother, samsung, lexmark, kodak, photo paper"
default,Pitney Bowes/PostPerfect,Pitney-Bowes-PostPerfect-Series-Ink-Cartridges,0,,,Pitney Bowes PostPerfect Series Ink and Toner Cartridges,Pitney Bowes PostPerfect Series Ink and Toner Cartridges,"ink, printer ink, inkjet cartridges, ink cartridges, toner cartridges, printer cartridges, inkjet printer cartridge, laser toner, Pitney Bowes PostPerfect Series, fax toner, refill kits, dell, epson, canon, hp, brother, samsung, lexmark, kodak, photo paper"
default,Pitney Bowes/Personal Post Meters,Pitney-Bowes-Personal-Post-Meters-Series-Ink-Cartridges,0,,,Pitney Bowes Personal Post Meters Series Ink and Toner Cartridges,Pitney Bowes Personal Post Meters Series Ink and Toner Cartridges,"ink, printer ink, inkjet cartridges, ink cartridges, toner cartridges, printer cartridges, inkjet printer cartridge, laser toner, Pitney Bowes Personal Post Meters Series, fax toner, refill kits, dell, epson, canon, hp, brother, samsung, lexmark, kodak, photo paper"
default,Pitney Bowes/Digital Mailing,Pitney-Bowes-Digital-Mailing-Series-Ink-Cartridges,0,,,Pitney Bowes Digital Mailing Series Ink and Toner Cartridges,Pitney Bowes Digital Mailing Series Ink and Toner Cartridges,"ink, printer ink, inkjet cartridges, ink cartridges, toner cartridges, printer cartridges, inkjet printer cartridge, laser toner, Pitney Bowes Digital Mailing Series, fax toner, refill kits, dell, epson, canon, hp, brother, samsung, lexmark, kodak, photo paper"
default,Pitney Bowes/Laser Printer,Pitney-Bowes-Laser-Printer-Series-Ink-Cartridges,0,,,Pitney Bowes Laser Printer Series Ink and Toner Cartridges,Pitney Bowes Laser Printer Series Ink and Toner Cartridges,"ink, printer ink, inkjet cartridges, ink cartridges, toner cartridges, printer cartridges, inkjet printer cartridge, laser toner, Pitney Bowes Laser Printer Series, fax toner, refill kits, dell, epson, canon, hp, brother, samsung, lexmark, kodak, photo paper"
default,Panasonic/KX,Panasonic-KX-Series-Ink-and-Toner-Cartridges,,,,Panasonic KX Series Ink and Toner Cartridges,Panasonic KX Series Ink and Toner Cartridges,"ink, printer ink, inkjet cartridges, ink cartridges, toner cartridges, printer cartridges, inkjet printer cartridge, laser toner, Kyocera-Mita KM Series, fax toner, refill kits, dell, epson, canon, hp, brother, samsung, lexmark, kodak, photo paper"
default,IBM/InfoPrint,IBM-InfoPrint-Series-Ink-and-Toner-Cartridges,0,,,IBM InfoPrint Series Ink and Toner Cartridges,IBM InfoPrint Series Ink and Toner Cartridges,"ink, printer ink, inkjet cartridges, ink cartridges, toner cartridges, printer cartridges, inkjet printer cartridge, laser toner, IBM InfoPrint Series, fax toner, refill kits, dell, epson, canon, hp, brother, samsung, lexmark, kodak, photo paper"
default,IBM/Other,IBM-Other-Series-Ink-and-Toner-Cartridges,0,,,IBM Other Series Ink and Toner Cartridges,IBM Other Series Ink and Toner Cartridges,"ink, printer ink, inkjet cartridges, ink cartridges, toner cartridges, printer cartridges, inkjet printer cartridge, laser toner, IBM Other Series, fax toner, refill kits, dell, epson, canon, hp, brother, samsung, lexmark, kodak, photo paper"
default,Ricoh/Aficio,Ricoh-Aficio-Series-Printer-Ink-Toner,0,,,CompAndSave.com - Ricoh Aficio Series Printer Laser Toner Cartridge,"We sell printer ink cartridge laser toner usb accessories. Major printer brand like, HP Canon Brother Epson Xerox Sharp Dell Lexmark.","printer,ink,toner,cartridge,usb,accessories,affordable,laser,hp,canon,brother,epson,xerox,dell,lexmark,sharp,samsung,ricoh"
default,Ricoh/AP,Ricoh-AP-Series-Printer-Ink-Toner,0,,,CompAndSave.com - Ricoh AP Series Printer Laser Toner Cartridge,"We sell printer ink cartridge laser toner usb accessories. Major printer brand like, HP Canon Brother Epson Xerox Sharp Dell Lexmark.","printer,ink,toner,cartridge,usb,accessories,affordable,laser,hp,canon,brother,epson,xerox,dell,lexmark,sharp,samsung,ricoh"
default,Ricoh/CL,Ricoh-CL-Series-Printer-Ink-Toner,0,,,CompAndSave.com - Ricoh CL Series Printer Laser Toner Cartridge,"We sell printer ink cartridge laser toner usb accessories. Major printer brand like, HP Canon Brother Epson Xerox Sharp Dell Lexmark.","printer,ink,toner,cartridge,usb,accessories,affordable,laser,hp,canon,brother,epson,xerox,dell,lexmark,sharp,samsung,ricoh"
default,Ricoh/FT,Ricoh-FT-Series-Printer-Ink-Toner,0,,,CompAndSave.com - Ricoh FT Series Printer Laser Toner Cartridge,"We sell printer ink cartridge laser toner usb accessories. Major printer brand like, HP Canon Brother Epson Xerox Sharp Dell Lexmark.","printer,ink,toner,cartridge,usb,accessories,affordable,laser,hp,canon,brother,epson,xerox,dell,lexmark,sharp,samsung,ricoh"
default,Ricoh/MV,Ricoh-MV-Series-Printer-Ink-Toner,0,,,CompAndSave.com - Ricoh MV Series Printer Laser Toner Cartridge,"We sell printer ink cartridge laser toner usb accessories. Major printer brand like, HP Canon Brother Epson Xerox Sharp Dell Lexmark.","printer,ink,toner,cartridge,usb,accessories,affordable,laser,hp,canon,brother,epson,xerox,dell,lexmark,sharp,samsung,ricoh"
default,Ricoh/Others,Ricoh-Other-Series-Printer-Ink-Toner,0,,,CompAndSave.com - Ricoh Other Series Printer Laser Toner Cartridge,"We sell printer ink cartridge laser toner usb accessories. Major printer brand like, HP Canon Brother Epson Xerox Sharp Dell Lexmark.","printer,ink,toner,cartridge,usb,accessories,affordable,laser,hp,canon,brother,epson,xerox,dell,lexmark,sharp,samsung,ricoh"
default,Ricoh/Printer,Ricoh-Printer-Series-Printer-Ink-Toner,0,,,CompAndSave.com - Ricoh Printer Series Printer Laser Toner Cartridge,"We sell printer ink cartridge laser toner usb accessories. Major printer brand like, HP Canon Brother Epson Xerox Sharp Dell Lexmark.","printer,ink,toner,cartridge,usb,accessories,affordable,laser,hp,canon,brother,epson,xerox,dell,lexmark,sharp,samsung,ricoh"
default,Ricoh/Savin Fax,Ricoh-Savin-Fax-Series-Printer-Ink-Toner,0,,,CompAndSave.com - Ricoh Savin Fax Series Printer Laser Toner Cartridge,"We sell printer ink cartridge laser toner usb accessories. Major printer brand like, HP Canon Brother Epson Xerox Sharp Dell Lexmark.","printer,ink,toner,cartridge,usb,accessories,affordable,laser,hp,canon,brother,epson,xerox,dell,lexmark,sharp,samsung,ricoh"
default,Ricoh/Fax,Ricoh-Fax-Series-Ink-and-Toner-Cartridges,0,,,Ricoh Fax Series Ink and Toner Cartridges,Ricoh Fax Series Ink and Toner Cartridges,"ink, printer ink, inkjet cartridges, ink cartridges, toner cartridges, printer cartridges, inkjet printer cartridge, laser toner, Ricoh Fax Series, fax toner, refill kits, dell, epson, canon, hp, brother, samsung, lexmark, kodak, photo paper"
default,Apple/Color Stylewriter,Apple-Color-Stylewriter-Series-Ink-and-Toner-Cartridges,0,,,Apple Color Stylewriter Series Ink and Toner Cartridges,Apple Color Stylewriter Series Ink and Toner Cartridges,"ink, printer ink, inkjet cartridges, ink cartridges, toner cartridges, printer cartridges, inkjet printer cartridge, laser toner, Apple Color Stylewriter Series, fax toner, refill kits, dell, epson, canon, hp, brother, samsung, lexmark, kodak, photo paper"
default,Apple/Stylewriter,Apple-Stylewriter-Series-Ink-and-Toner-Cartridges,0,,,Apple Stylewriter Series Ink and Toner Cartridges,Apple Stylewriter Series Ink and Toner Cartridges,"ink, printer ink, inkjet cartridges, ink cartridges, toner cartridges, printer cartridges, inkjet printer cartridge, laser toner, Apple Stylewriter Series, fax toner, refill kits, dell, epson, canon, hp, brother, samsung, lexmark, kodak, photo paper"
default,Apple/LaserWriter Select,Apple-LaserWriter-Select-Series-Printer-Ink-Toner,0,,,CompAndSave.com - Apple LaserWriter Select Series Printer Laser Toner Cartridge,"We sell printer ink cartridge laser toner usb accessories. Major printer brand like, HP Canon Brother Epson Xerox Sharp Dell Lexmark.","printer,ink,toner,cartridge,usb,accessories,affordable,laser,hp,canon,brother,epson,xerox,dell,lexmark,sharp,samsung,ricoh,apple"
default,Apple/Personal LaserWriter,Apple-Personal-LaserWriter-Series-Ink-Cartridges,0,,,Apple Personal LaserWriter Series Ink and Toner Cartridges,Apple Personal LaserWriter Series Ink and Toner Cartridges,"ink, printer ink, inkjet cartridges, ink cartridges, toner cartridges, printer cartridges, inkjet printer cartridge, laser toner, Apple Personal LaserWriter Series, fax toner, refill kits, dell, epson, canon, hp, brother, samsung, lexmark, kodak, photo paper"
default,Apple/LaserWriter,Apple-LaserWriter-Series-Ink-and-Toner-Cartridges,0,,,Apple LaserWriter Series Ink and Toner Cartridges,Apple LaserWriter Series Ink and Toner Cartridges,"ink, printer ink, inkjet cartridges, ink cartridges, toner cartridges, printer cartridges, inkjet printer cartridge, laser toner, Apple LaserWriter Series, fax toner, refill kits, dell, epson, canon, hp, brother, samsung, lexmark, kodak, photo paper"
default,Other Brands/Secap,Secap-Series-Ink-and-Toner-Cartridges,0,,,Secap  Series Ink and Toner Cartridges,Secap  Series Ink and Toner Cartridges,"ink, printer ink, inkjet cartridges, ink cartridges, toner cartridges, printer cartridges, inkjet printer cartridge, laser toner, Secap  Series, fax toner, refill kits, dell, epson, canon, hp, brother, samsung, lexmark, kodak, photo paper"
default,Other Brands/Bryce,Bryce-Series-Ink-and-Toner-Cartridges,0,,,Bryce  Series Ink and Toner Cartridges,Bryce  Series Ink and Toner Cartridges,"ink, printer ink, inkjet cartridges, ink cartridges, toner cartridges, printer cartridges, inkjet printer cartridge, laser toner, Bryce  Series, fax toner, refill kits, dell, epson, canon, hp, brother, samsung, lexmark, kodak, photo paper"
default,Other Brands/Rena,Rena-Series-Ink-and-Toner-Cartridges,0,,,Rena  Series Ink and Toner Cartridges,Rena  Series Ink and Toner Cartridges,"ink, printer ink, inkjet cartridges, ink cartridges, toner cartridges, printer cartridges, inkjet printer cartridge, laser toner, Rena  Series, fax toner, refill kits, dell, epson, canon, hp, brother, samsung, lexmark, kodak, photo paper"
default,Other Brands/AstroJet,AstroJet-Series-Ink-and-Toner-Cartridges,0,,,AstroJet  Series Ink and Toner Cartridges,AstroJet  Series Ink and Toner Cartridges,"ink, printer ink, inkjet cartridges, ink cartridges, toner cartridges, printer cartridges, inkjet printer cartridge, laser toner, AstroJet  Series, fax toner, refill kits, dell, epson, canon, hp, brother, samsung, lexmark, kodak, photo paper"
default,Other Brands/NeoPost,NeoPost-Series-Ink-and-Toner-Cartridges,0,,,NeoPost  Series Ink and Toner Cartridges,NeoPost  Series Ink and Toner Cartridges,"ink, printer ink, inkjet cartridges, ink cartridges, toner cartridges, printer cartridges, inkjet printer cartridge, laser toner, NeoPost  Series, fax toner, refill kits, dell, epson, canon, hp, brother, samsung, lexmark, kodak, photo paper"
default,Other Brands/Hasler,Hasler-Series-Ink-and-Toner-Cartridges,0,,,Hasler  Series Ink and Toner Cartridges,Hasler  Series Ink and Toner Cartridges,"ink, printer ink, inkjet cartridges, ink cartridges, toner cartridges, printer cartridges, inkjet printer cartridge, laser toner, Hasler  Series, fax toner, refill kits, dell, epson, canon, hp, brother, samsung, lexmark, kodak, photo paper"
default,Other Brands/Mimaki,Mimaki-Series-Ink-and-Toner-Cartridges,0,,,Mimaki  Series Ink and Toner Cartridges,Mimaki  Series Ink and Toner Cartridges,"ink, printer ink, inkjet cartridges, ink cartridges, toner cartridges, printer cartridges, inkjet printer cartridge, laser toner, Mimaki  Series, fax toner, refill kits, dell, epson, canon, hp, brother, samsung, lexmark, kodak, photo paper"
default,Other Brands/Roland,Roland-Series-Ink-and-Toner-Cartridges,0,,,Roland  Series Ink and Toner Cartridges,Roland  Series Ink and Toner Cartridges,"ink, printer ink, inkjet cartridges, ink cartridges, toner cartridges, printer cartridges, inkjet printer cartridge, laser toner, Roland  Series, fax toner, refill kits, dell, epson, canon, hp, brother, samsung, lexmark, kodak, photo paper"
default,Other Brands/Mutoh,Mutoh-Series-Ink-and-Toner-Cartridges,0,,,Mutoh  Series Ink and Toner Cartridges,Mutoh  Series Ink and Toner Cartridges,"ink, printer ink, inkjet cartridges, ink cartridges, toner cartridges, printer cartridges, inkjet printer cartridge, laser toner, Mutoh  Series, fax toner, refill kits, dell, epson, canon, hp, brother, samsung, lexmark, kodak, photo paper"
